<?xml version="1.0" encoding="UTF-8"?>
<config xmlns="http://www.knime.org/2008/09/XMLConfig" xmlns:xsi="http://www.w3.org/2001/XMLSchema-instance" xsi:schemaLocation="http://www.knime.org/2008/09/XMLConfig http://www.knime.org/XMLConfig_2008_09.xsd" key="model.xml">
<entry key="version" type="xint" value="1"/>
<entry key="class_name" type="xstring" value="org.knime.ext.textprocessing.data.DocumentVectorPortObjectSpec"/>
<config key="model">
<entry key="ignoreTags" type="xboolean" value="true"/>
<entry key="bitVector" type="xboolean" value="true"/>
<entry key="vectorValue" type="xstring" value="TF rel"/>
<entry key="asCollectionCell" type="xboolean" value="false"/>
<config key="featureSpaceColumns">
<entry key="array-size" type="xint" value="31"/>
<entry key="0" type="xstring" value="feel"/>
<entry key="1" type="xstring" value="love"/>
<entry key="2" type="xstring" value="life"/>
<entry key="3" type="xstring" value="live"/>
<entry key="4" type="xstring" value="happi"/>
<entry key="5" type="xstring" value="bless"/>
<entry key="6" type="xstring" value="chang"/>
<entry key="7" type="xstring" value="shit"/>
<entry key="8" type="xstring" value="suck"/>
<entry key="9" type="xstring" value="fuck"/>
<entry key="10" type="xstring" value="friend"/>
<entry key="11" type="xstring" value="perfect"/>
<entry key="12" type="xstring" value="sad"/>
<entry key="13" type="xstring" value="peopl"/>
<entry key="14" type="xstring" value="awesom"/>
<entry key="15" type="xstring" value="hate"/>
<entry key="16" type="xstring" value="lol"/>
<entry key="17" type="xstring" value="bad"/>
<entry key="18" type="xstring" value="god"/>
<entry key="19" type="xstring" value="fine"/>
<entry key="20" type="xstring" value="thank"/>
<entry key="21" type="xstring" value="deserv"/>
<entry key="22" type="xstring" value="girl"/>
<entry key="23" type="xstring" value="person"/>
<entry key="24" type="xstring" value="proud"/>
<entry key="25" type="xstring" value="worst"/>
<entry key="26" type="xstring" value="die"/>
<entry key="27" type="xstring" value="bear"/>
<entry key="28" type="xstring" value="stress"/>
<entry key="29" type="xstring" value="depress"/>
<entry key="30" type="xstring" value="trip"/>
</config>
</config>
</config>
